,BA_Aw,BA_Pl,BA_Sb,BA_Sw,BAinc_Aw,BAinc_Pl,BAinc_Sb,BAinc_Sw,N0_Aw,N0_Pl,N0_Sb,N0_Sw,N_Aw,N_Pl,N_Sb,N_Sw,PlotID,SDF_Aw,SDF_Pl,SDF_Sb,SDF_Sw,SI_Aw,SI_Pl,SI_Sb,SI_Sw,StumpDOB_Aw,StumpDOB_Pl,StumpDOB_Sb,StumpDOB_Sw,StumpHeight_Aw,StumpHeight_Pl,StumpHeight_Sb,StumpHeight_Sw,TopDib_Aw,TopDib_Pl,TopDib_Sb,TopDib_Sw,tage_Aw,tage_Pl,tage_Sb,tage_Sw,topHeight_Aw,topHeight_Pl,topHeight_Sb,topHeight_Sw,y2bh_Aw,y2bh_Pl,y2bh_Sb,y2bh_Sw
1613773,1.85369808,18.5369808,0.0,10.50428912,-0.0808013957424,0.0286671662161,0.0,0.110368598707,50.813376592,607.60700667,0.0,290.155746093,49.31958318,493.1958318,0.0,279.47763802,1613773.0,50.7201822944,581.119007556,0.0,285.189435587,9.76694641674,11.6838528955,10.2376658531,11.0832693588,13.0,13.0,13.0,13.0,0.3,0.3,0.3,0.3,7.0,7.0,7.0,7.0,110.044865891,86.0,0.0,78.5100152874,16.7110501631,16.711140996,0.0,16.7111212956,6.47962585245,8.81253088388,0.0,10.2987824206
