,BA_Aw,BA_Pl,BA_Sb,BA_Sw,BAinc_Aw,BAinc_Pl,BAinc_Sb,BAinc_Sw,N0_Aw,N0_Pl,N0_Sb,N0_Sw,N_Aw,N_Pl,N_Sb,N_Sw,PlotID,SDF_Aw,SDF_Pl,SDF_Sb,SDF_Sw,SI_Aw,SI_Pl,SI_Sb,SI_Sw,StumpDOB_Aw,StumpDOB_Pl,StumpDOB_Sb,StumpDOB_Sw,StumpHeight_Aw,StumpHeight_Pl,StumpHeight_Sb,StumpHeight_Sw,TopDib_Aw,TopDib_Pl,TopDib_Sb,TopDib_Sw,tage_Aw,tage_Pl,tage_Sb,tage_Sw,topHeight_Aw,topHeight_Pl,topHeight_Sb,topHeight_Sw,y2bh_Aw,y2bh_Pl,y2bh_Sb,y2bh_Sw
1841096,5.25945784,30.74759968,0.0,4.45031048,-0.0840686264797,0.019363983715,0.0,0.0443333806879,131.066201006,1885.76745681,0.0,97.7314331352,114.80593839,671.17317828,0.0,97.14348633,1841096.0,128.914858889,1358.79490864,0.0,97.4972385998,11.2925234295,12.9767147707,11.0650974533,12.5829891341,13.0,13.0,13.0,13.0,0.3,0.3,0.3,0.3,7.0,7.0,7.0,7.0,118.694762078,99.0,0.0,83.7894703035,19.4467414028,19.4468109943,0.0,19.4467178587,5.51821340491,8.0748872374,0.0,9.32255007559
