,id_l1,NGC,TAREA,SP1,SP2,SP3,SP4,SP5,PCT1,PCT2,PCT3,PCT4,PCT5,BPH,TPH,QMD,MVOL,MVOL2,GVOL,GVOL2,HLOR,HLW,HD,CCF,CC,SI,AGE,BHAGE,AWSI,PLSI,SWSI,SIAREA,LCC,SC1COV,S01COV,CDENS,LCSOURCE,SCM,NOTE,AVISI,AVIBHAGE,TPR
4,1379023,2,725.49,Aw,Pl,Pb,NA,NA,54,32,14,0,0,58.850693,1272.978152,24.261652,313.09256,471.926731,395.914164,509.055117,17.04597,1,19.098757,149.456968,74.716144,10.928617,120,114,10.456326,13.314607,11.263843,725.49,VF,0,0,D,CCGC,NA,NA,11.207965,114,F