,id_l1,NGC,TAREA,SP1,SP2,SP3,SP4,SP5,PCT1,PCT2,PCT3,PCT4,PCT5,BPH,TPH,QMD,MVOL,MVOL2,GVOL,GVOL2,HLOR,HLW,HD,CCF,CC,SI,AGE,BHAGE,AWSI,PLSI,SWSI,SIAREA,LCC,SC1COV,S01COV,CDENS,LCSOURCE,SCM,NOTE,AVISI,AVIBHAGE,TPR
4,942300,2,675.24,Aw,Pl,Pb,Sw,NA,55,22,18,5,0,40.236284,892.313247,23.961021,182.690564,356.051099,249.078113,377.451889,19.74825,1,22.121179,123.009161,67.751036,13.47436,120,116,13.846407,16.581516,17.127863,675.24,VF,0,0,C,CCGC,NA,NA,13.86348,114,F