,id_l1,NGC,TAREA,SP1,SP2,SP3,SP4,SP5,PCT1,PCT2,PCT3,PCT4,PCT5,BPH,TPH,QMD,MVOL,MVOL2,GVOL,GVOL2,HLOR,HLW,HD,CCF,CC,SI,AGE,BHAGE,AWSI,PLSI,SWSI,SIAREA,LCC,SC1COV,S01COV,CDENS,LCSOURCE,SCM,NOTE,AVISI,AVIBHAGE,TPR
4,1614424,5,1868.59,Aw,Pl,Sw,Pb,NA,60,24,10,6,0,10.918521,1238.585641,10.594341,9.897639,11.143152,20.756165,33.99439,5.574606,1,6.242792,43.707355,33.109128,7.387892,41,32,6.518203,11.488463,11.561439,1868.59,VF,0,0,B,CCGC,NA,NA,11.480969,35,F
5,1008174,1,425.03,Fb,Sw,NA,NA,NA,75,25,0,0,0,17.78,732.71,17.57741,46.87,66.84,77.27,106.82,12.49,1,13.99,400,97.477703,6.997314,100,85,5,3,7.81,425.03,VF,0,0,D,CCGC,NA,NA,8.669554,85,F
