,id_l1,NGC,TAREA,SP1,SP2,SP3,SP4,SP5,PCT1,PCT2,PCT3,PCT4,PCT5,BPH,TPH,QMD,MVOL,MVOL2,GVOL,GVOL2,HLOR,HLW,HD,CCF,CC,SI,AGE,BHAGE,AWSI,PLSI,SWSI,SIAREA,LCC,SC1COV,S01COV,CDENS,LCSOURCE,SCM,NOTE,AVISI,AVIBHAGE,TPR
4,1614860,2,791.45,Aw,Pl,Pb,Sw,NA,62,14,14,10,0,30.903589,652.844674,24.550175,152.583274,202.683887,213.297603,229.663678,15.328019,1,17.16953,111.530609,64.15914,11.797057,89,84,13.117104,14.818857,15.400764,791.45,VF,0,0,C,CCGC,NA,NA,13.006932,83,F